groups,x,y
1,31.23333,55.5
0,50,25
0,35.9,40.4
1,37,51
0,50,33
0,20,31
1,29,59
0,32,54
0,29.6,56
1,45.2,
1,47,
1,33.55,52.9
1,30.11,
0,31.6,52.8
0,32,54
0,6.6,6.1
1,31.35,56.25
0,43.9,29.1
0,35.16,39.74
0,32,54
0,34.6,51.6
1,29,58
0,32,54
1,33.2,57.65
0,15.8,32.4
0,,
0,33,24
1,31.12727,55.44762
0,31.9,45.5
0,6.1,44
0,30,51
1,29.6,56
1,42.25,29.1
1,32.2,55.4
0,47.8,31.5
1,35,58
